<!DOCTYPE suite SYSTEM "http://testng.org/testng-1.0.dtd">
<suite name="Appium Demo Suite" verbose="0" parallel="tests" thread-count="100">
	<listeners>
		<listener class-name="com.quantum.listeners.QuantumReportiumListener" />
	</listeners>
	<test name="iOS Native" enabled="true">
		<parameter name="driver.name" value="perfectoDriver" />
		<parameter name="driver.capabilities.deviceName" value="9C71D808D1C001F1B3DE289247CC4080B36C880D"/>
		<parameter name="driver.capabilities.app" value="PUBLIC:ExpenseTracker\Native\InvoiceApp1.0.ipa"/> 
		<parameter 	name="perfecto.capabilities.sensorInstrument" value="true"/>
		<parameter name="driver.capabilities.bundleId" value="io.perfecto.expense.tracker"/>
		<parameter name="appType" value="Native" />
		<parameter name="appPackageType" value="driver.capabilities.bundleId" />
		<parameter name="perfecto.capabilities.driverClass" value="io.appium.java_client.ios.IOSDriver"/>
		<parameter name="env.resources" value="src/main/resources/ios" />
		<groups>
			<run>
				<include name="@expenseTracker" />
			</run>
		</groups>
		<classes>
			<class
				name="com.qmetry.qaf.automation.step.client.gherkin.GherkinScenarioFactory" />
		</classes>
	</test>

	<test name="Android Native" enabled="true">
		<parameter name="driver.name" value="perfectoDriver" />
		<parameter name="driver.capabilities.deviceName" value=""/>
		<parameter name="driver.capabilities.app" value="PUBLIC:ExpenseTracker/Native/ExpenseAppVer1.0.apk"/>
		<parameter name="driver.capabilities.appPackage" value="io.perfecto.expense.tracker"/>
		<parameter name="appPackageType" value="driver.capabilities.appPackage" />
		<parameter name="appType" value="Native" />
		<parameter name="perfecto.capabilities.sensorInstrument" value="true"/>
		<parameter name="perfecto.capabilities.driverClass" value="io.appium.java_client.android.AndroidDriver"/>
		<parameter name="env.resources" value="src/main/resources/android" />
		<groups>
			<run>
				<include name="@expenseTracker" />
			</run>
		</groups>
		<classes>
			<class
				name="com.qmetry.qaf.automation.step.client.gherkin.GherkinScenarioFactory" />
		</classes>
	</test>

	<test name="Android Hybrid" enabled="true">
		<parameter name="driver.name" value="perfectoDriver" />
		<parameter name="driver.capabilities.deviceName" value="988667424653364E48"/>
		<parameter name="appType" value="Hybrid" />
		<parameter name="driver.capabilities.app" value="PUBLIC:ExpenseTracker/Hybrid/ExpenseHybridAppVer1.0.apk"/>
		<parameter name="applicationType" value="Hybrid"/>
		<parameter name="driver.capabilities.appPackage" value="io.perfecto.expense.tracker.hybrid"/>
		<parameter name="appPackageType" value="driver.capabilities.appPackage" />
		<parameter name="perfecto.capabilities.driverClass" value="io.appium.java_client.android.AndroidDriver"/>
		<parameter name="perfecto.capabilities.autoInstrument" value="true"/>
		<parameter name="perfecto.capabilities.sensorInstrument" value="true"/>
		<parameter name="env.resources" value="src/main/resources/common" />
		<groups>
			<run>
				<include name="@expenseTracker" />
			</run>
		</groups>
		<classes>
			<class
				name="com.qmetry.qaf.automation.step.client.gherkin.GherkinScenarioFactory" />
		</classes>
	</test>

	<!-- <test name="iOS Hybrid" enabled="false">
		<parameter name="driver.name" value="perfectoDriver" />
		<parameter name="driver.capabilities.deviceName" value="F41FB514D76C4374B983F4285C7C1BE60DA12E36"></parameter>
		<parameter name="appType" value="Hybrid" />
		<parameter name="driver.capabilities.app" value="PUBLIC:applications/InvoiceApp.ipa"></parameter>
		<parameter name="applicationType" value="Hybrid"></parameter>
		<parameter name="perfecto.capabilities.bundleId" value="io.perfecto.expense.tracker"></parameter>
		<parameter name="perfecto.capabilities.driverClass" value="io.appium.java_client.ios.IOSDriver"></parameter>
		<parameter name="perfecto.capabilities.autoInstrument" value="true"></parameter>
		<parameter name="env.resources" value="src/main/resources/common" />
		<groups>
			<run>
				<include name="@expenseTracker" />
			</run>
		</groups>
		<classes>
			<class
				name="com.qmetry.qaf.automation.step.client.gherkin.GherkinScenarioFactory" />


		</classes>
	</test> -->

	<test name="Chrome Test" enabled="true">
		<parameter name="perfecto.capabilities.platformName" value="Windows"/>
		<parameter name="perfecto.capabilities.platformVersion" value="7"/>
		<parameter name="perfecto.capabilities.browserName" value="Chrome"/>
		<parameter name="perfecto.capabilities.browserVersion" value="latest"/>
		<parameter name="perfecto.capabilities.resolution" value="1280x1024"/>
		<parameter name="perfecto.capabilities.location" value="US East"/>
		<parameter name="perfecto.capabilities.deviceType" value="Web"/>
		<parameter name="appType" value="Web" />
		<parameter name="env.resources" value="src/main/resources/common" />
		<groups>
			<run>
				<include name="@expenseTracker" />
			</run>
		</groups>
		<classes>
			<class
				name="com.qmetry.qaf.automation.step.client.gherkin.GherkinScenarioFactory" />
		</classes>
	</test>
	<test name="Firefox Test" enabled="true">
		<parameter name="perfecto.capabilities.platformName" value="Windows"/>
		<parameter name="perfecto.capabilities.platformVersion" value="10"/>
		<parameter name="perfecto.capabilities.browserName" value="Firefox"/>
		<parameter name="perfecto.capabilities.browserVersion" value="latest"/>
		<parameter name="perfecto.capabilities.resolution" value="1280x1024"/>
		<parameter name="perfecto.capabilities.location" value="US East"/>
		<parameter name="perfecto.capabilities.deviceType" value="Web"/>
		<parameter name="env.resources" value="src/main/resources/common/expense_tracker" />
		<parameter name="appType" value="Web" />
		<groups>
			<run>
				<include name="@expenseTracker" />
			</run>
		</groups>
		<classes>
			<class
				name="com.qmetry.qaf.automation.step.client.gherkin.GherkinScenarioFactory" />
		</classes>
	</test>
	
	<!-- <test name="IE Test" enabled="false">
		<parameter name="perfecto.capabilities.platformName" value="Windows"></parameter>
		<parameter name="perfecto.capabilities.platformVersion"
			value="10"></parameter>
		<parameter name="perfecto.capabilities.browserName" value="Internet Explorer"></parameter>
		<parameter name="perfecto.capabilities.browserVersion"
			value="latest"></parameter>
		<parameter name="perfecto.capabilities.resolution" value="1280x1024"></parameter>
		<parameter name="perfecto.capabilities.location" value="US East"></parameter>
		<parameter name="perfecto.capabilities.deviceType" value="Web"></parameter>
		<parameter name="env.resources" value="src/main/resources/common/expense_tracker" />
		<parameter name="appType" value="Web" />
		<groups>
			<run>
				<include name="@expenseTracker" />
			</run>
		</groups>
		<classes>
			<class
				name="com.qmetry.qaf.automation.step.client.gherkin.GherkinScenarioFactory" />
		</classes>
	</test> -->

	<test name="Edge Test" enabled="true">
		<parameter name="perfecto.capabilities.platformName" value="Windows"/>
		<parameter name="perfecto.capabilities.platformVersion" value="10"/>
		<parameter name="perfecto.capabilities.browserName" value="Edge"/>
		<parameter name="perfecto.capabilities.browserVersion" value="latest"/>
		<parameter name="perfecto.capabilities.resolution" value="1280x1024"/>
		<parameter name="perfecto.capabilities.location" value="US East"/>
		<parameter name="perfecto.capabilities.deviceType" value="Web"/>
		<parameter name="appType" value="Web" />
		<parameter name="env.resources" value="src/main/resources/common" />
		<groups>
			<run>
				<include name="@expenseTracker" />
			</run>
		</groups>
		<classes>
			<class
				name="com.qmetry.qaf.automation.step.client.gherkin.GherkinScenarioFactory" />
		</classes>
	</test>
</suite>
